train_loss,valid_loss,train_accuracy,valid_accuracy,epoch
1.473687068939209,1.5211043975830079,"tensor(0.3017, device='cuda:0', dtype=torch.float64)",0.4388,1
1.2537233505249024,1.391482569885254,"tensor(0.4212, device='cuda:0', dtype=torch.float64)",0.4863,2
1.1823404801940918,1.339692096710205,"tensor(0.4634, device='cuda:0', dtype=torch.float64)",0.5157,3
1.1434623822021484,1.252135916519165,"tensor(0.4870, device='cuda:0', dtype=torch.float64)",0.5569,4
1.113082371520996,1.2481077713012696,"tensor(0.5017, device='cuda:0', dtype=torch.float64)",0.5394,5
1.0798201217651366,1.1738076550483703,"tensor(0.5197, device='cuda:0', dtype=torch.float64)",0.5738,6
1.0603721951293945,1.1887167236328124,"tensor(0.5304, device='cuda:0', dtype=torch.float64)",0.5822,7
1.0432069687652588,1.1514844287872315,"tensor(0.5411, device='cuda:0', dtype=torch.float64)",0.5907,8
1.0332154816436767,1.1429344926834106,"tensor(0.5487, device='cuda:0', dtype=torch.float64)",0.5876,9
1.018662010345459,1.1134588771820069,"tensor(0.5523, device='cuda:0', dtype=torch.float64)",0.6062,10
1.0077209268951417,1.1284411818504334,"tensor(0.5579, device='cuda:0', dtype=torch.float64)",0.5955,11
1.0000626737976075,1.1010741563796997,"tensor(0.5627, device='cuda:0', dtype=torch.float64)",0.6183,12
0.9883032261657715,1.0751727327346803,"tensor(0.5680, device='cuda:0', dtype=torch.float64)",0.6204,13
0.985386974182129,1.0865098586082458,"tensor(0.5708, device='cuda:0', dtype=torch.float64)",0.6144,14
0.9772597853851318,1.0586589365005492,"tensor(0.5751, device='cuda:0', dtype=torch.float64)",0.6255,15
0.9692387976074218,1.088915014076233,"tensor(0.5782, device='cuda:0', dtype=torch.float64)",0.615,16
0.9690382730865479,1.0716340504646302,"tensor(0.5797, device='cuda:0', dtype=torch.float64)",0.6191,17
0.9561270319366455,1.042645837020874,"tensor(0.5862, device='cuda:0', dtype=torch.float64)",0.6295,18
0.9549624620819092,1.050508380317688,"tensor(0.5853, device='cuda:0', dtype=torch.float64)",0.6284,19
0.9496876770782471,1.0305291081428527,"tensor(0.5880, device='cuda:0', dtype=torch.float64)",0.6398,20
0.9481768642425538,1.0341777334213256,"tensor(0.5893, device='cuda:0', dtype=torch.float64)",0.6327,21
0.9433454972839356,1.0560192331314087,"tensor(0.5927, device='cuda:0', dtype=torch.float64)",0.6335,22
0.941144334564209,1.0340627004623413,"tensor(0.5938, device='cuda:0', dtype=torch.float64)",0.631,23
0.934015585861206,1.035113680458069,"tensor(0.5973, device='cuda:0', dtype=torch.float64)",0.6363,24
0.933975399017334,1.0220427572250366,"tensor(0.5981, device='cuda:0', dtype=torch.float64)",0.6413,25
0.9265372091674805,1.0180720584869385,"tensor(0.5990, device='cuda:0', dtype=torch.float64)",0.6451,26
0.9259995724487304,1.0320161476135254,"tensor(0.6010, device='cuda:0', dtype=torch.float64)",0.6359,27
0.916345923461914,1.013685848236084,"tensor(0.6070, device='cuda:0', dtype=torch.float64)",0.642,28
0.9233670109558105,1.0122963804244995,"tensor(0.6038, device='cuda:0', dtype=torch.float64)",0.6457,29
0.917656015548706,1.0002560871124269,"tensor(0.6049, device='cuda:0', dtype=torch.float64)",0.649,30
0.9171648505401612,1.0011227352142333,"tensor(0.6030, device='cuda:0', dtype=torch.float64)",0.6507,31
0.9164740940856934,0.9938111591339112,"tensor(0.6043, device='cuda:0', dtype=torch.float64)",0.6513,32
0.916052876815796,1.0250607624053956,"tensor(0.6101, device='cuda:0', dtype=torch.float64)",0.6487,33
0.9048088577270508,0.9859043014526367,"tensor(0.6140, device='cuda:0', dtype=torch.float64)",0.6583,34
0.9061938560485839,1.0113536869049071,"tensor(0.6122, device='cuda:0', dtype=torch.float64)",0.6442,35
0.9063416535949707,0.9810626733779907,"tensor(0.6112, device='cuda:0', dtype=torch.float64)",0.6563,36
0.8979020315551758,0.9907639731407165,"tensor(0.6139, device='cuda:0', dtype=torch.float64)",0.6509,37
0.900768342666626,0.9891969442367554,"tensor(0.6139, device='cuda:0', dtype=torch.float64)",0.6531,38
0.9022899256896972,0.9973544258117676,"tensor(0.6154, device='cuda:0', dtype=torch.float64)",0.6457,39
0.8937986614227295,0.9797131298065186,"tensor(0.6190, device='cuda:0', dtype=torch.float64)",0.6561,40
0.8949945045471192,1.0130111415863037,"tensor(0.6180, device='cuda:0', dtype=torch.float64)",0.6458,41
0.899558970489502,0.9680384464263916,"tensor(0.6144, device='cuda:0', dtype=torch.float64)",0.6619,42
0.8895524794769287,0.972466062259674,"tensor(0.6201, device='cuda:0', dtype=torch.float64)",0.6636,43
0.8892894770812988,0.994379107093811,"tensor(0.6208, device='cuda:0', dtype=torch.float64)",0.6549,44
0.8910225167846679,0.9631081777572632,"tensor(0.6177, device='cuda:0', dtype=torch.float64)",0.6613,45
0.8840836423492432,0.9647383913040161,"tensor(0.6208, device='cuda:0', dtype=torch.float64)",0.6641,46
0.8841535140991211,0.9651184045791626,"tensor(0.6212, device='cuda:0', dtype=torch.float64)",0.6606,47
0.8766020737457275,0.964899827003479,"tensor(0.6268, device='cuda:0', dtype=torch.float64)",0.6589,48
0.8809021728515625,0.960887841796875,"tensor(0.6222, device='cuda:0', dtype=torch.float64)",0.6679,49
0.8818406951141358,0.9616844527244568,"tensor(0.6229, device='cuda:0', dtype=torch.float64)",0.6622,50
0.8763202100372315,0.9673205181121827,"tensor(0.6271, device='cuda:0', dtype=torch.float64)",0.6631,51
0.8780149966430664,0.9481798719406128,"tensor(0.6257, device='cuda:0', dtype=torch.float64)",0.6707,52
0.8733122053527832,0.9629634086608887,"tensor(0.6303, device='cuda:0', dtype=torch.float64)",0.6677,53
0.8761730010223389,0.9615115522384644,"tensor(0.6284, device='cuda:0', dtype=torch.float64)",0.6682,54
0.8734307748413086,0.9592647979736328,"tensor(0.6285, device='cuda:0', dtype=torch.float64)",0.6707,55
0.8664205130767823,0.9436570678710937,"tensor(0.6276, device='cuda:0', dtype=torch.float64)",0.6742,56
0.8725387325286865,0.9577772275924683,"tensor(0.6253, device='cuda:0', dtype=torch.float64)",0.6675,57
0.8676053247070312,0.9508858459472657,"tensor(0.6308, device='cuda:0', dtype=torch.float64)",0.6734,58
0.8679561121368409,0.9355590669631958,"tensor(0.6324, device='cuda:0', dtype=torch.float64)",0.6772,59
0.8650015137481689,0.9425463151931762,"tensor(0.6331, device='cuda:0', dtype=torch.float64)",0.6672,60
0.8631612306213379,0.9440948640823364,"tensor(0.6335, device='cuda:0', dtype=torch.float64)",0.6749,61
0.862583207321167,0.9316021712303162,"tensor(0.6341, device='cuda:0', dtype=torch.float64)",0.6821,62
0.8634087992858887,0.925778265094757,"tensor(0.6328, device='cuda:0', dtype=torch.float64)",0.6763,63
0.8566558926391602,0.9601629263877869,"tensor(0.6329, device='cuda:0', dtype=torch.float64)",0.6676,64
0.8635632246398925,0.9342902272224426,"tensor(0.6345, device='cuda:0', dtype=torch.float64)",0.6825,65
0.8655511386871337,0.933202919960022,"tensor(0.6339, device='cuda:0', dtype=torch.float64)",0.6776,66
0.8650953842163086,0.9303626100540161,"tensor(0.6332, device='cuda:0', dtype=torch.float64)",0.68,67
0.8558413136291504,0.9390991004943847,"tensor(0.6371, device='cuda:0', dtype=torch.float64)",0.6739,68
0.8601814921569825,0.943048045539856,"tensor(0.6337, device='cuda:0', dtype=torch.float64)",0.6748,69
0.8480723164367676,0.948201404094696,"tensor(0.6382, device='cuda:0', dtype=torch.float64)",0.6748,70
0.854285934677124,0.9448814802169799,"tensor(0.6362, device='cuda:0', dtype=torch.float64)",0.67,71
0.853042869720459,0.9269843348503113,"tensor(0.6356, device='cuda:0', dtype=torch.float64)",0.6759,72
0.8513010092163086,0.9250754932403564,"tensor(0.6359, device='cuda:0', dtype=torch.float64)",0.6745,73
0.8486579434967041,0.9234228373527527,"tensor(0.6412, device='cuda:0', dtype=torch.float64)",0.6772,74
0.853393929977417,0.9357308193206787,"tensor(0.6379, device='cuda:0', dtype=torch.float64)",0.6764,75
0.8519862018585205,0.9625361347198487,"tensor(0.6392, device='cuda:0', dtype=torch.float64)",0.6627,76
0.8454156484222413,0.9410199053764343,"tensor(0.6414, device='cuda:0', dtype=torch.float64)",0.6714,77
0.8491332705688477,0.9278599328041076,"tensor(0.6392, device='cuda:0', dtype=torch.float64)",0.6786,78
0.8468770790100097,0.9375393361091614,"tensor(0.6423, device='cuda:0', dtype=torch.float64)",0.6771,79
0.8449389932250977,0.921765316772461,"tensor(0.6409, device='cuda:0', dtype=torch.float64)",0.6766,80
0.8433990795898437,0.92816773853302,"tensor(0.6396, device='cuda:0', dtype=torch.float64)",0.6796,81
0.8505507760620117,0.914509771156311,"tensor(0.6404, device='cuda:0', dtype=torch.float64)",0.6857,82
0.846597621383667,0.9207792080879211,"tensor(0.6385, device='cuda:0', dtype=torch.float64)",0.676,83
0.8494976970672607,0.9325607942581177,"tensor(0.6437, device='cuda:0', dtype=torch.float64)",0.6777,84
0.846175043182373,0.934943461227417,"tensor(0.6420, device='cuda:0', dtype=torch.float64)",0.6706,85
0.8381764179992676,0.9174296377182006,"tensor(0.6455, device='cuda:0', dtype=torch.float64)",0.6871,86
0.8400296063232422,0.9136200660705567,"tensor(0.6446, device='cuda:0', dtype=torch.float64)",0.6804,87
0.841303903427124,0.9255021981239319,"tensor(0.6440, device='cuda:0', dtype=torch.float64)",0.6848,88
0.8402289011383056,0.9311190464019775,"tensor(0.6411, device='cuda:0', dtype=torch.float64)",0.6803,89
0.8394997426605224,0.9093308692932129,"tensor(0.6425, device='cuda:0', dtype=torch.float64)",0.6927,90
0.8435323113250732,0.9258302415847778,"tensor(0.6431, device='cuda:0', dtype=torch.float64)",0.6809,91
0.8386878043365479,0.9247464584350586,"tensor(0.6457, device='cuda:0', dtype=torch.float64)",0.6766,92
0.8394679133605957,0.9132085136413575,"tensor(0.6434, device='cuda:0', dtype=torch.float64)",0.6854,93
0.8345907062530518,0.9236034233093262,"tensor(0.6484, device='cuda:0', dtype=torch.float64)",0.6778,94
0.8332120921325683,0.9160803050994873,"tensor(0.6470, device='cuda:0', dtype=torch.float64)",0.6862,95
0.8427673710632324,0.9211093002319336,"tensor(0.6434, device='cuda:0', dtype=torch.float64)",0.6835,96
0.8422213904571533,0.9126304042816162,"tensor(0.6428, device='cuda:0', dtype=torch.float64)",0.6915,97
0.8436377145385742,0.9152451423645019,"tensor(0.6432, device='cuda:0', dtype=torch.float64)",0.6876,98
0.831156100692749,0.9018164126396179,"tensor(0.6466, device='cuda:0', dtype=torch.float64)",0.686,99
0.837604008178711,0.9146522914886475,"tensor(0.6432, device='cuda:0', dtype=torch.float64)",0.6884,100
0.8302293034362793,0.9164908108711243,"tensor(0.6493, device='cuda:0', dtype=torch.float64)",0.6819,101
0.8277083520507813,0.9215173815727233,"tensor(0.6481, device='cuda:0', dtype=torch.float64)",0.6883,102
0.8356845150756836,0.9192167379379272,"tensor(0.6477, device='cuda:0', dtype=torch.float64)",0.6832,103
0.831945334854126,0.9036959547996521,"tensor(0.6473, device='cuda:0', dtype=torch.float64)",0.6844,104
0.8307978472137452,0.9170047555923462,"tensor(0.6465, device='cuda:0', dtype=torch.float64)",0.6853,105
0.8293034355163574,0.9093349145889282,"tensor(0.6483, device='cuda:0', dtype=torch.float64)",0.6874,106
0.8326470570373535,0.9160668603897095,"tensor(0.6483, device='cuda:0', dtype=torch.float64)",0.6851,107
0.8314982231140137,0.924538285446167,"tensor(0.6499, device='cuda:0', dtype=torch.float64)",0.6885,108
0.8262597924041748,0.9008075317382812,"tensor(0.6498, device='cuda:0', dtype=torch.float64)",0.6857,109
0.8300112435913086,0.8905446119308472,"tensor(0.6513, device='cuda:0', dtype=torch.float64)",0.6942,110
0.8318988906097412,0.9097656752586365,"tensor(0.6498, device='cuda:0', dtype=torch.float64)",0.6832,111
0.8277590785980224,0.9019449858665466,"tensor(0.6507, device='cuda:0', dtype=torch.float64)",0.6882,112
0.8297088562011719,0.9093954301834106,"tensor(0.6467, device='cuda:0', dtype=torch.float64)",0.6782,113
0.826671191329956,0.9093537556648255,"tensor(0.6499, device='cuda:0', dtype=torch.float64)",0.6909,114
0.8182305339813233,0.9104166461944581,"tensor(0.6508, device='cuda:0', dtype=torch.float64)",0.6819,115
0.8260395317840576,0.9553310455322266,"tensor(0.6507, device='cuda:0', dtype=torch.float64)",0.6638,116
0.8268117572784424,0.891427329826355,"tensor(0.6537, device='cuda:0', dtype=torch.float64)",0.6896,117
0.8257984468841553,0.9108640181541443,"tensor(0.6486, device='cuda:0', dtype=torch.float64)",0.6816,118
0.8223231813812256,0.8867346727371216,"tensor(0.6498, device='cuda:0', dtype=torch.float64)",0.6882,119
0.8252221891021728,0.9116827278137207,"tensor(0.6524, device='cuda:0', dtype=torch.float64)",0.6931,120
0.8295435177612305,0.9135099975585937,"tensor(0.6479, device='cuda:0', dtype=torch.float64)",0.6861,121
0.8206461592102051,0.8963503019332886,"tensor(0.6518, device='cuda:0', dtype=torch.float64)",0.6893,122
0.816486637802124,0.9020190670013428,"tensor(0.6555, device='cuda:0', dtype=torch.float64)",0.6924,123
0.8260869678497315,0.907711372756958,"tensor(0.6519, device='cuda:0', dtype=torch.float64)",0.6884,124
0.8234361975097656,0.8886442255020142,"tensor(0.6524, device='cuda:0', dtype=torch.float64)",0.6984,125
0.8235467712402343,0.9016133878707886,"tensor(0.6539, device='cuda:0', dtype=torch.float64)",0.6926,126
0.8284289751434326,0.9050001148223877,"tensor(0.6522, device='cuda:0', dtype=torch.float64)",0.6889,127
0.8166597297668458,0.8928789799690247,"tensor(0.6521, device='cuda:0', dtype=torch.float64)",0.6908,128
0.8209697878265381,0.8944471074104309,"tensor(0.6543, device='cuda:0', dtype=torch.float64)",0.6867,129
0.8209271997833252,0.8934052646636963,"tensor(0.6546, device='cuda:0', dtype=torch.float64)",0.6992,130
0.8174348960876465,0.8912552942276001,"tensor(0.6565, device='cuda:0', dtype=torch.float64)",0.6871,131
0.8176957986450195,0.8936791007995606,"tensor(0.6571, device='cuda:0', dtype=torch.float64)",0.6974,132
0.8190059844207763,0.8830079433441163,"tensor(0.6543, device='cuda:0', dtype=torch.float64)",0.6977,133
0.8266145368957519,0.8932113785743714,"tensor(0.6522, device='cuda:0', dtype=torch.float64)",0.6952,134
0.8187450831604004,0.8974924095153809,"tensor(0.6538, device='cuda:0', dtype=torch.float64)",0.6945,135
0.819764543762207,0.8853491271972657,"tensor(0.6540, device='cuda:0', dtype=torch.float64)",0.6939,136
0.8187369437408447,0.9055733304977417,"tensor(0.6533, device='cuda:0', dtype=torch.float64)",0.6835,137
0.8148021697235107,0.8902760017395019,"tensor(0.6566, device='cuda:0', dtype=torch.float64)",0.6908,138
0.81352001953125,0.8823575430870056,"tensor(0.6559, device='cuda:0', dtype=torch.float64)",0.6898,139
0.8127053745269776,0.8980397926330567,"tensor(0.6586, device='cuda:0', dtype=torch.float64)",0.6932,140
0.8156047428894043,0.8899203146934509,"tensor(0.6578, device='cuda:0', dtype=torch.float64)",0.687,141
0.811734483718872,0.8801974307060242,"tensor(0.6570, device='cuda:0', dtype=torch.float64)",0.6946,142
0.8164744073486329,0.9102635445594788,"tensor(0.6549, device='cuda:0', dtype=torch.float64)",0.6873,143
0.8234679889678955,0.8953160013198852,"tensor(0.6531, device='cuda:0', dtype=torch.float64)",0.6894,144
0.8124466982269287,0.8862235984802246,"tensor(0.6558, device='cuda:0', dtype=torch.float64)",0.6937,145
0.8131288986206054,0.8939236230850219,"tensor(0.6562, device='cuda:0', dtype=torch.float64)",0.6944,146
0.8180373529815674,0.8858840631484985,"tensor(0.6540, device='cuda:0', dtype=torch.float64)",0.6964,147
0.8159330037689209,0.883400965309143,"tensor(0.6596, device='cuda:0', dtype=torch.float64)",0.6936,148
0.8161288028717041,0.8941143805503845,"tensor(0.6572, device='cuda:0', dtype=torch.float64)",0.6867,149
0.8157135646820068,0.8973755103111267,"tensor(0.6549, device='cuda:0', dtype=torch.float64)",0.6918,150
0.8092719532775879,0.8976168184280395,"tensor(0.6560, device='cuda:0', dtype=torch.float64)",0.6962,151
0.8087296125793457,0.891784609413147,"tensor(0.6599, device='cuda:0', dtype=torch.float64)",0.6891,152
0.8106390431976318,0.8779742537498474,"tensor(0.6590, device='cuda:0', dtype=torch.float64)",0.6914,153
0.8163084631347656,0.8984624656677246,"tensor(0.6544, device='cuda:0', dtype=torch.float64)",0.6891,154
0.8086309317779541,0.8845213590621949,"tensor(0.6573, device='cuda:0', dtype=torch.float64)",0.6956,155
0.8098324124908447,0.8972868986129761,"tensor(0.6586, device='cuda:0', dtype=torch.float64)",0.6947,156
0.8071889028930664,0.8771352951049805,"tensor(0.6615, device='cuda:0', dtype=torch.float64)",0.697,157
0.810618808517456,0.9004246075630188,"tensor(0.6561, device='cuda:0', dtype=torch.float64)",0.6955,158
0.8052296073913574,0.8920881143569946,"tensor(0.6583, device='cuda:0', dtype=torch.float64)",0.6929,159
0.8088396472167969,0.8883799936294555,"tensor(0.6597, device='cuda:0', dtype=torch.float64)",0.6924,160
0.8079170278930664,0.8912832050323486,"tensor(0.6571, device='cuda:0', dtype=torch.float64)",0.6963,161
0.8139980434417725,0.9006253389835358,"tensor(0.6566, device='cuda:0', dtype=torch.float64)",0.6873,162
0.8156111585998536,0.8862159364700317,"tensor(0.6575, device='cuda:0', dtype=torch.float64)",0.6925,163
0.813939214477539,0.8909415351867676,"tensor(0.6572, device='cuda:0', dtype=torch.float64)",0.6985,164
0.8112187829589844,0.8870888332366943,"tensor(0.6590, device='cuda:0', dtype=torch.float64)",0.6951,165
0.8099787374114991,0.8885868774414063,"tensor(0.6592, device='cuda:0', dtype=torch.float64)",0.6938,166
0.8097151077270508,0.8814079530715943,"tensor(0.6576, device='cuda:0', dtype=torch.float64)",0.696,167
0.8115328662109375,0.8929634593963623,"tensor(0.6567, device='cuda:0', dtype=torch.float64)",0.6891,168
0.8074076535034179,0.8870057787895202,"tensor(0.6598, device='cuda:0', dtype=torch.float64)",0.6972,169
0.8105525833892823,0.8867797832489014,"tensor(0.6593, device='cuda:0', dtype=torch.float64)",0.6926,170
0.806956012802124,0.903603574848175,"tensor(0.6593, device='cuda:0', dtype=torch.float64)",0.687,171
0.8081060366058349,0.8843494222640991,"tensor(0.6580, device='cuda:0', dtype=torch.float64)",0.6958,172
0.8038238311004638,0.8840171908378601,"tensor(0.6617, device='cuda:0', dtype=torch.float64)",0.6963,173
0.8069671015167237,0.8983460466384887,"tensor(0.6618, device='cuda:0', dtype=torch.float64)",0.6927,174
0.8117328536224365,0.8916116140365601,"tensor(0.6572, device='cuda:0', dtype=torch.float64)",0.6953,175
0.8052878792572021,0.8890811494827271,"tensor(0.6601, device='cuda:0', dtype=torch.float64)",0.6973,176
0.8046131610107422,0.8842730522155762,"tensor(0.6623, device='cuda:0', dtype=torch.float64)",0.6966,177
0.8082837264251709,0.9141902244567871,"tensor(0.6591, device='cuda:0', dtype=torch.float64)",0.6898,178
0.8029099851226806,0.8760382591247559,"tensor(0.6651, device='cuda:0', dtype=torch.float64)",0.697,179
0.8016881444549561,0.8653645645141601,"tensor(0.6620, device='cuda:0', dtype=torch.float64)",0.6928,180
0.8028414451599121,0.8821878745555878,"tensor(0.6610, device='cuda:0', dtype=torch.float64)",0.697,181
0.8069896569824219,0.860106303691864,"tensor(0.6626, device='cuda:0', dtype=torch.float64)",0.7035,182
0.8089348374938965,0.8765370352745057,"tensor(0.6581, device='cuda:0', dtype=torch.float64)",0.6969,183
0.8047540361785889,0.8801772140502929,"tensor(0.6636, device='cuda:0', dtype=torch.float64)",0.6996,184
0.802218420715332,0.8785303621292114,"tensor(0.6600, device='cuda:0', dtype=torch.float64)",0.7012,185
0.8023347025299072,0.8828592703819275,"tensor(0.6601, device='cuda:0', dtype=torch.float64)",0.6962,186
0.8074964418029785,0.8873234482765198,"tensor(0.6600, device='cuda:0', dtype=torch.float64)",0.6929,187
0.7996586809539795,0.8813090698242187,"tensor(0.6648, device='cuda:0', dtype=torch.float64)",0.6974,188
0.8011104651641846,0.8813855880737305,"tensor(0.6626, device='cuda:0', dtype=torch.float64)",0.6963,189
0.8035372190856933,0.8796676181793213,"tensor(0.6614, device='cuda:0', dtype=torch.float64)",0.7012,190
0.8007930543518066,0.8707058950424195,"tensor(0.6642, device='cuda:0', dtype=torch.float64)",0.6946,191
0.8024053922271729,0.8726479656219482,"tensor(0.6628, device='cuda:0', dtype=torch.float64)",0.6967,192
0.8002927517700196,0.8880871765136719,"tensor(0.6630, device='cuda:0', dtype=torch.float64)",0.6898,193
0.8023185076141357,0.8756745834350586,"tensor(0.6619, device='cuda:0', dtype=torch.float64)",0.7,194
0.8013941674041748,0.8763024862289429,"tensor(0.6606, device='cuda:0', dtype=torch.float64)",0.6961,195
0.7992113346862793,0.8732954990386963,"tensor(0.6620, device='cuda:0', dtype=torch.float64)",0.6958,196
0.8005982524108887,0.8792628854751587,"tensor(0.6627, device='cuda:0', dtype=torch.float64)",0.6969,197
0.8088960079956055,0.8611980521202087,"tensor(0.6596, device='cuda:0', dtype=torch.float64)",0.6999,198
0.7956313778686523,0.8791132179260254,"tensor(0.6633, device='cuda:0', dtype=torch.float64)",0.6951,199
0.8007494677734375,0.8818048144340516,"tensor(0.6620, device='cuda:0', dtype=torch.float64)",0.6999,200
0.8052790528106689,0.8743377887725831,"tensor(0.6633, device='cuda:0', dtype=torch.float64)",0.6982,201
0.7993953486633301,0.8719891599655152,"tensor(0.6635, device='cuda:0', dtype=torch.float64)",0.7029,202
0.797658123550415,0.8751140872955322,"tensor(0.6657, device='cuda:0', dtype=torch.float64)",0.695,203
0.8014250638580322,0.880301732635498,"tensor(0.6652, device='cuda:0', dtype=torch.float64)",0.6951,204
0.801574298248291,0.8923761444091797,"tensor(0.6636, device='cuda:0', dtype=torch.float64)",0.6893,205
0.7990291412353515,0.8615743935585022,"tensor(0.6651, device='cuda:0', dtype=torch.float64)",0.7047,206
0.802158722076416,0.8639971014022827,"tensor(0.6641, device='cuda:0', dtype=torch.float64)",0.6981,207
0.806179794921875,0.8790690807342529,"tensor(0.6626, device='cuda:0', dtype=torch.float64)",0.694,208
0.7989000912475586,0.8676962032318115,"tensor(0.6646, device='cuda:0', dtype=torch.float64)",0.7023,209
0.8016100080871582,0.870912973022461,"tensor(0.6614, device='cuda:0', dtype=torch.float64)",0.6969,210
0.8045021611785889,0.8720557847976684,"tensor(0.6621, device='cuda:0', dtype=torch.float64)",0.6971,211
0.7965112076568603,0.8695555707931518,"tensor(0.6699, device='cuda:0', dtype=torch.float64)",0.6957,212
0.7985167555999756,0.8704110282897949,"tensor(0.6637, device='cuda:0', dtype=torch.float64)",0.7019,213
0.8021617625427246,0.8719153024673462,"tensor(0.6622, device='cuda:0', dtype=torch.float64)",0.6998,214
0.7993669034576416,0.8703716419219971,"tensor(0.6642, device='cuda:0', dtype=torch.float64)",0.6998,215
0.7937668553161621,0.8770350889205932,"tensor(0.6660, device='cuda:0', dtype=torch.float64)",0.7013,216
0.7988091225433349,0.8699953498840332,"tensor(0.6637, device='cuda:0', dtype=torch.float64)",0.6916,217
0.7990511068725586,0.8794540986061096,"tensor(0.6654, device='cuda:0', dtype=torch.float64)",0.7001,218
0.7977477902984619,0.8785498905181884,"tensor(0.6643, device='cuda:0', dtype=torch.float64)",0.6981,219
0.7999413208770751,0.879981965637207,"tensor(0.6641, device='cuda:0', dtype=torch.float64)",0.6951,220
0.7913266397857666,0.8814855855941772,"tensor(0.6651, device='cuda:0', dtype=torch.float64)",0.6953,221
0.7949820878601074,0.866986392402649,"tensor(0.6685, device='cuda:0', dtype=torch.float64)",0.699,222
0.7941270748138428,0.8678724945068359,"tensor(0.6649, device='cuda:0', dtype=torch.float64)",0.7084,223
0.7955910712432861,0.8578484328269959,"tensor(0.6661, device='cuda:0', dtype=torch.float64)",0.7029,224
0.7914398157501221,0.859142546081543,"tensor(0.6675, device='cuda:0', dtype=torch.float64)",0.7028,225
0.7877123432159424,0.8642717708587646,"tensor(0.6700, device='cuda:0', dtype=torch.float64)",0.7041,226
0.7893349048614502,0.8627857228279113,"tensor(0.6679, device='cuda:0', dtype=torch.float64)",0.7038,227
0.7985994401550293,0.8638882216453552,"tensor(0.6628, device='cuda:0', dtype=torch.float64)",0.7012,228
0.7960273266601563,0.8609211698532104,"tensor(0.6658, device='cuda:0', dtype=torch.float64)",0.6984,229
0.7898810752105713,0.8723443316459656,"tensor(0.6648, device='cuda:0', dtype=torch.float64)",0.692,230
0.7926566873168945,0.8627778230667115,"tensor(0.6662, device='cuda:0', dtype=torch.float64)",0.7044,231
0.7938750606536865,0.8626631921768189,"tensor(0.6654, device='cuda:0', dtype=torch.float64)",0.7077,232
0.7875366905975342,0.8547359961509705,"tensor(0.6689, device='cuda:0', dtype=torch.float64)",0.703,233
0.8004321397399903,0.8717336812973022,"tensor(0.6626, device='cuda:0', dtype=torch.float64)",0.6985,234
0.7924044357299804,0.8585752616882324,"tensor(0.6694, device='cuda:0', dtype=torch.float64)",0.7039,235
0.7873105241394043,0.853133780002594,"tensor(0.6713, device='cuda:0', dtype=torch.float64)",0.7032,236
0.7954901815032959,0.869037894153595,"tensor(0.6665, device='cuda:0', dtype=torch.float64)",0.6994,237
0.7983571300506592,0.8742536558151245,"tensor(0.6677, device='cuda:0', dtype=torch.float64)",0.6939,238
0.7928075219726562,0.8678036563873291,"tensor(0.6657, device='cuda:0', dtype=torch.float64)",0.708,239
0.7879701142120361,0.8756539310455322,"tensor(0.6681, device='cuda:0', dtype=torch.float64)",0.7045,240
0.791051696395874,0.8713808531761169,"tensor(0.6691, device='cuda:0', dtype=torch.float64)",0.7025,241
0.7929613610076904,0.8606231064796448,"tensor(0.6655, device='cuda:0', dtype=torch.float64)",0.7014,242
0.796221711883545,0.8607807785034179,"tensor(0.6636, device='cuda:0', dtype=torch.float64)",0.708,243
0.7894527880096436,0.8716746629714965,"tensor(0.6672, device='cuda:0', dtype=torch.float64)",0.702,244
0.7873771993255615,0.8665038681983948,"tensor(0.6685, device='cuda:0', dtype=torch.float64)",0.6993,245
0.7895191770935058,0.8626597887992858,"tensor(0.6674, device='cuda:0', dtype=torch.float64)",0.6989,246
0.7962621686553955,0.8621874357223511,"tensor(0.6669, device='cuda:0', dtype=torch.float64)",0.6921,247
0.7959982475280761,0.8549579855918884,"tensor(0.6683, device='cuda:0', dtype=torch.float64)",0.7042,248
0.7916340380859375,0.8597064679145813,"tensor(0.6661, device='cuda:0', dtype=torch.float64)",0.7065,249
0.7912490570068359,0.871086416053772,"tensor(0.6692, device='cuda:0', dtype=torch.float64)",0.6994,250
0.7911553948974609,0.8736408081054687,"tensor(0.6678, device='cuda:0', dtype=torch.float64)",0.7009,251
0.7942579322433472,0.8730624369621277,"tensor(0.6661, device='cuda:0', dtype=torch.float64)",0.7007,252
0.7957161767578125,0.8671407690048217,"tensor(0.6661, device='cuda:0', dtype=torch.float64)",0.6979,253
0.7873840814971924,0.8670113076210022,"tensor(0.6699, device='cuda:0', dtype=torch.float64)",0.7035,254
0.7819112293243409,0.8537664148330688,"tensor(0.6697, device='cuda:0', dtype=torch.float64)",0.7147,255
0.7905298445129395,0.854818122291565,"tensor(0.6668, device='cuda:0', dtype=torch.float64)",0.7041,256
0.7903222332763672,0.8614070894241334,"tensor(0.6669, device='cuda:0', dtype=torch.float64)",0.7043,257
0.7918033325195313,0.8579829730987549,"tensor(0.6670, device='cuda:0', dtype=torch.float64)",0.7127,258
0.7853480374145507,0.8634874431610108,"tensor(0.6682, device='cuda:0', dtype=torch.float64)",0.7028,259
0.7888426836395264,0.871340706729889,"tensor(0.6680, device='cuda:0', dtype=torch.float64)",0.7005,260
0.7916641394805908,0.8515687395095826,"tensor(0.6668, device='cuda:0', dtype=torch.float64)",0.7037,261
0.7858270149230957,0.8850101807594299,"tensor(0.6700, device='cuda:0', dtype=torch.float64)",0.6976,262
0.7847546939086915,0.8630613138198853,"tensor(0.6669, device='cuda:0', dtype=torch.float64)",0.7101,263
0.7911552133941651,0.8582736779212952,"tensor(0.6701, device='cuda:0', dtype=torch.float64)",0.7063,264
0.7893590054321289,0.8634176021575928,"tensor(0.6717, device='cuda:0', dtype=torch.float64)",0.7045,265
0.7941132667541504,0.8562820280075073,"tensor(0.6659, device='cuda:0', dtype=torch.float64)",0.7053,266
0.7916377664947509,0.8552252420425415,"tensor(0.6672, device='cuda:0', dtype=torch.float64)",0.7062,267
0.783545601348877,0.8542377443313599,"tensor(0.6737, device='cuda:0', dtype=torch.float64)",0.7041,268
0.7929763805389405,0.8566684671401977,"tensor(0.6684, device='cuda:0', dtype=torch.float64)",0.7043,269
0.7891773873901368,0.8744283388137818,"tensor(0.6678, device='cuda:0', dtype=torch.float64)",0.6999,270
0.7901860688781738,0.8688651874542236,"tensor(0.6681, device='cuda:0', dtype=torch.float64)",0.7083,271
0.7919087089538575,0.866006955242157,"tensor(0.6672, device='cuda:0', dtype=torch.float64)",0.7027,272
0.7858759740066529,0.8621701373100281,"tensor(0.6708, device='cuda:0', dtype=torch.float64)",0.704,273
0.7878032955932617,0.8851033418655395,"tensor(0.6695, device='cuda:0', dtype=torch.float64)",0.7002,274
0.7868563433837891,0.873289564704895,"tensor(0.6687, device='cuda:0', dtype=torch.float64)",0.7,275
0.7841830453491211,0.87000475897789,"tensor(0.6690, device='cuda:0', dtype=torch.float64)",0.6992,276
0.7866281845855713,0.8684587476730347,"tensor(0.6697, device='cuda:0', dtype=torch.float64)",0.7045,277
0.7895790549468994,0.8587804719924926,"tensor(0.6683, device='cuda:0', dtype=torch.float64)",0.7062,278
0.7860902258300781,0.8660511255264283,"tensor(0.6729, device='cuda:0', dtype=torch.float64)",0.7048,279
0.7843986052703857,0.8608402624130249,"tensor(0.6687, device='cuda:0', dtype=torch.float64)",0.7011,280
0.7848646022033692,0.8607274976730347,"tensor(0.6714, device='cuda:0', dtype=torch.float64)",0.7092,281
0.7818789976501465,0.8639103464126587,"tensor(0.6687, device='cuda:0', dtype=torch.float64)",0.7024,282
0.7867560865020752,0.8724240984916687,"tensor(0.6704, device='cuda:0', dtype=torch.float64)",0.7042,283
0.7827152658081055,0.8649110105514526,"tensor(0.6698, device='cuda:0', dtype=torch.float64)",0.7044,284
0.7788829390716553,0.8503408467292786,"tensor(0.6709, device='cuda:0', dtype=torch.float64)",0.6997,285
0.7808295233917236,0.8590648551940918,"tensor(0.6736, device='cuda:0', dtype=torch.float64)",0.709,286
0.7879624621582031,0.8617786813735961,"tensor(0.6702, device='cuda:0', dtype=torch.float64)",0.6995,287
0.7834704818725586,0.8617046998977661,"tensor(0.6719, device='cuda:0', dtype=torch.float64)",0.6982,288
0.7828102433776856,0.8618539209365845,"tensor(0.6699, device='cuda:0', dtype=torch.float64)",0.7051,289
0.7851665194702149,0.8535796454429626,"tensor(0.6691, device='cuda:0', dtype=torch.float64)",0.7012,290
0.7848080924987793,0.8576769227981568,"tensor(0.6712, device='cuda:0', dtype=torch.float64)",0.6967,291
0.7840690458679199,0.8519752023696899,"tensor(0.6708, device='cuda:0', dtype=torch.float64)",0.7058,292
0.7816973009490967,0.875448204612732,"tensor(0.6688, device='cuda:0', dtype=torch.float64)",0.7052,293
0.7838494672393799,0.8593900109291077,"tensor(0.6699, device='cuda:0', dtype=torch.float64)",0.7085,294
0.7794252874755859,0.8478009032249451,"tensor(0.6705, device='cuda:0', dtype=torch.float64)",0.7082,295
